date,hour,temp,precip
2025-01-01 00:00:00,0,-11.87486041027512,False
2025-01-01 01:00:00,1,-10.647438194501113,False
2025-01-01 02:00:00,2,-9.55454040369441,False
2025-01-01 03:00:00,3,-5.792804209233302,False
2025-01-01 04:00:00,4,-3.3701099189504142,True
2025-01-01 05:00:00,5,-3.20601678964877,False
2025-01-01 06:00:00,6,0.9729139419811705,False
2025-01-01 07:00:00,7,3.968563450069296,False
2025-01-01 08:00:00,8,6.863027581823687,False
2025-01-01 09:00:00,9,2.897568629482554,False
2025-01-01 10:00:00,10,6.5132158705083345,False
2025-01-01 11:00:00,11,10.242363222123755,False
2025-01-01 12:00:00,12,9.722753589877517,False
2025-01-01 13:00:00,13,10.0530226586458,False
2025-01-01 14:00:00,14,3.6908036378934543,False
2025-01-01 15:00:00,15,4.737381251454841,False
2025-01-01 16:00:00,16,4.45314545371128,True
2025-01-01 17:00:00,17,2.9185767798035327,False
2025-01-01 18:00:00,18,1.0940836123898625,False
2025-01-01 19:00:00,19,-3.1766386925229146,False
2025-01-01 20:00:00,20,-6.8347625715642,True
2025-01-01 21:00:00,21,-8.108881261045541,False
2025-01-01 22:00:00,22,-7.715918047907984,True
2025-01-01 23:00:00,23,-7.688928574034965,False
2025-01-02 00:00:00,0,-10.160242407609653,True
2025-01-02 01:00:00,1,-10.857649911860817,False
2025-01-02 02:00:00,2,-8.932929505628888,False
2025-01-02 03:00:00,3,-8.666270308140048,False
2025-01-02 04:00:00,4,-2.8031520996833397,False
2025-01-02 05:00:00,5,-0.7994150136133713,False
2025-01-02 06:00:00,6,1.3151358625246334,False
2025-01-02 07:00:00,7,-1.3372865448021,False
2025-01-02 08:00:00,8,3.1338042878691317,False
2025-01-02 09:00:00,9,5.77148425256865,False
2025-01-02 10:00:00,10,9.491778593409885,False
2025-01-02 11:00:00,11,8.804811531641999,False
2025-01-02 12:00:00,12,11.08878356107176,False
2025-01-02 13:00:00,13,8.458820346034567,False
2025-01-02 14:00:00,14,6.9067583534446015,False
2025-01-02 15:00:00,15,7.022231410482493,False
2025-01-02 16:00:00,16,3.228164762643052,False
2025-01-02 17:00:00,17,-2.498890711758209,False
2025-01-02 18:00:00,18,5.09328266625588,False
2025-01-02 19:00:00,19,-1.5782162043186307,False
2025-01-02 20:00:00,20,-5.218074138215406,False
2025-01-02 21:00:00,21,-8.84625775349983,False
2025-01-02 22:00:00,22,-10.868417497220154,False
2025-01-02 23:00:00,23,-11.028830817659532,True
2025-01-03 00:00:00,0,-9.263236434019792,False
2025-01-03 01:00:00,1,-10.309639463420451,True
2025-01-03 02:00:00,2,-5.723709402046259,False
2025-01-03 03:00:00,3,-5.231610990543496,False
2025-01-03 04:00:00,4,-4.421863392644136,True
2025-01-03 05:00:00,5,-3.2600452745720716,False
2025-01-03 06:00:00,6,-1.2152382720847648,False
2025-01-03 07:00:00,7,4.098245563722565,False
2025-01-03 08:00:00,8,4.468441351107795,False
2025-01-03 09:00:00,9,6.90799475425028,False
2025-01-03 10:00:00,10,10.459504117596522,False
2025-01-03 11:00:00,11,8.96339528036014,False
2025-01-03 12:00:00,12,11.873276739969072,False
2025-01-03 13:00:00,13,11.706519523480065,False
2025-01-03 14:00:00,14,10.720810872434011,False
2025-01-03 15:00:00,15,7.595362314278643,False
2025-01-03 16:00:00,16,3.462987110881473,False
2025-01-03 17:00:00,17,3.009244244623965,False
2025-01-03 18:00:00,18,2.5631884576561013,False
2025-01-03 19:00:00,19,-2.872149089833096,False
2025-01-03 20:00:00,20,-4.674723752703457,False
2025-01-03 21:00:00,21,-6.0791739932512465,False
2025-01-03 22:00:00,22,-10.392111500412728,True
2025-01-03 23:00:00,23,-8.709693205928994,True
2025-01-04 00:00:00,0,-8.036261081305748,False
2025-01-04 01:00:00,1,-11.898023159802241,False
2025-01-04 02:00:00,2,-10.291302921112592,False
2025-01-04 03:00:00,3,-6.347471585612544,False
2025-01-04 04:00:00,4,-3.205238040330694,False
2025-01-04 05:00:00,5,0.011648552954839353,False
2025-01-04 06:00:00,6,-1.1721506416753658,False
2025-01-04 07:00:00,7,6.098271138109375,False
2025-01-04 08:00:00,8,5.752757692858382,False
2025-01-04 09:00:00,9,9.14699165840344,False
2025-01-04 10:00:00,10,10.880953959488803,False
2025-01-04 11:00:00,11,9.196189096418538,False
2025-01-04 12:00:00,12,12.146673657632444,False
2025-01-04 13:00:00,13,5.054754206590426,False
2025-01-04 14:00:00,14,8.478894941526434,False
2025-01-04 15:00:00,15,5.943505361428277,False
2025-01-04 16:00:00,16,1.7682284291614931,False
2025-01-04 17:00:00,17,3.1325492927906007,False
2025-01-04 18:00:00,18,2.922415678483076,False
2025-01-04 19:00:00,19,-1.4378190856846247,False
2025-01-04 20:00:00,20,-5.002389871980594,False
2025-01-04 21:00:00,21,-5.455615852626562,False
2025-01-04 22:00:00,22,-10.9253547244158,False
2025-01-04 23:00:00,23,-11.208571986925252,False
2025-01-05 00:00:00,0,-10.401997743512098,False
2025-01-05 01:00:00,1,-10.665835867036753,False
2025-01-05 02:00:00,2,-8.950521447121897,True
2025-01-05 03:00:00,3,-7.847679998039024,False
2025-01-05 04:00:00,4,-2.1386750830082693,False
2025-01-05 05:00:00,5,0.3647667540327335,False
2025-01-05 06:00:00,6,-2.2776849998502935,False
2025-01-05 07:00:00,7,5.662655108486294,False
2025-01-05 08:00:00,8,4.562812189346234,False
2025-01-05 09:00:00,9,9.29743406292102,False
2025-01-05 10:00:00,10,9.878790719998655,False
2025-01-05 11:00:00,11,10.642651041702898,False
2025-01-05 12:00:00,12,9.013602028955459,False
2025-01-05 13:00:00,13,10.762235018668717,False
2025-01-05 14:00:00,14,11.382222687200215,False
2025-01-05 15:00:00,15,5.554229809388218,False
2025-01-05 16:00:00,16,3.7027612305979183,False
2025-01-05 17:00:00,17,2.1944031467111165,False
2025-01-05 18:00:00,18,-0.14998964724249703,False
2025-01-05 19:00:00,19,-7.54427334981184,False
2025-01-05 20:00:00,20,-5.4648712205009415,False
2025-01-05 21:00:00,21,-8.469841801416564,True
2025-01-05 22:00:00,22,-8.460028948390947,True
2025-01-05 23:00:00,23,-9.04063674810434,False
2025-01-06 00:00:00,0,-10.252656063369855,False
2025-01-06 01:00:00,1,-8.391910985628884,False
2025-01-06 02:00:00,2,-6.186027021302134,True
2025-01-06 03:00:00,3,-9.075647812341671,False
2025-01-06 04:00:00,4,-5.465626213088796,False
2025-01-06 05:00:00,5,-4.1685515137959,False
2025-01-06 06:00:00,6,0.5970784217946883,False
2025-01-06 07:00:00,7,-0.12112700597397197,False
2025-01-06 08:00:00,8,4.411427893176983,False
2025-01-06 09:00:00,9,4.684419956010338,False
2025-01-06 10:00:00,10,6.187220625057329,False
2025-01-06 11:00:00,11,10.720469557893896,False
2025-01-06 12:00:00,12,10.504802555417905,False
2025-01-06 13:00:00,13,11.669112952326127,True
2025-01-06 14:00:00,14,8.60307566471102,False
2025-01-06 15:00:00,15,7.576418637532573,False
2025-01-06 16:00:00,16,6.420628108083513,False
2025-01-06 17:00:00,17,0.44353339881046105,False
2025-01-06 18:00:00,18,2.0715874204357885,True
2025-01-06 19:00:00,19,-1.7568656564690768,False
2025-01-06 20:00:00,20,-7.219296166530352,False
2025-01-06 21:00:00,21,-5.487963168383777,True
2025-01-06 22:00:00,22,-6.322027322161434,True
2025-01-06 23:00:00,23,-6.316845557561512,False
2025-01-07 00:00:00,0,-11.107440683767736,False
2025-01-07 01:00:00,1,-8.394421948065045,False
2025-01-07 02:00:00,2,-8.214937584609803,False
2025-01-07 03:00:00,3,-8.296303147854399,False
2025-01-07 04:00:00,4,-7.017195184714992,False
2025-01-07 05:00:00,5,-2.257087375159161,False
2025-01-07 06:00:00,6,-3.1483348970168548,False
2025-01-07 07:00:00,7,3.6378444962308367,False
2025-01-07 08:00:00,8,3.6309408874611506,False
2025-01-07 09:00:00,9,8.61847952018456,False
2025-01-07 10:00:00,10,8.746230015543576,False
2025-01-07 11:00:00,11,6.302346390849664,False
2025-01-07 12:00:00,12,7.647838727143503,False
2025-01-07 13:00:00,13,7.745633522117519,False
2025-01-07 14:00:00,14,8.967778854170067,False
2025-01-07 15:00:00,15,7.4421572193312695,False
2025-01-07 16:00:00,16,3.4868223750278857,False
2025-01-07 17:00:00,17,2.747967759460882,False
2025-01-07 18:00:00,18,2.356710017675567,False
2025-01-07 19:00:00,19,1.3834616187423792,False
2025-01-07 20:00:00,20,-4.70944762298748,True
2025-01-07 21:00:00,21,-10.343108551917227,False
2025-01-07 22:00:00,22,-10.537663553619,False
2025-01-07 23:00:00,23,-8.596867858524835,False
2025-01-08 00:00:00,0,-12.245438895882081,True
2025-01-08 01:00:00,1,-9.833544827661038,False
2025-01-08 02:00:00,2,-6.867591444602914,True
2025-01-08 03:00:00,3,-4.858734929573634,False
2025-01-08 04:00:00,4,-3.9673197857701994,False
2025-01-08 05:00:00,5,-1.5765957403076154,False
2025-01-08 06:00:00,6,2.166957055982289,False
2025-01-08 07:00:00,7,2.751616412300262,False
2025-01-08 08:00:00,8,4.2346968021012605,False
2025-01-08 09:00:00,9,6.595144398317991,False
2025-01-08 10:00:00,10,9.549870102545704,False
2025-01-08 11:00:00,11,12.815362719811425,False
2025-01-08 12:00:00,12,13.10180814133723,False
2025-01-08 13:00:00,13,10.941431099751899,False
2025-01-08 14:00:00,14,8.768451523793434,False
2025-01-08 15:00:00,15,8.714428815861181,False
2025-01-08 16:00:00,16,4.654205510833352,True
2025-01-08 17:00:00,17,0.6595591894421136,False
2025-01-08 18:00:00,18,-0.24230377207463955,False
2025-01-08 19:00:00,19,-3.4093080439525494,True
2025-01-08 20:00:00,20,-5.277232601984589,False
2025-01-08 21:00:00,21,-5.896793398829095,False
2025-01-08 22:00:00,22,-6.3616736597537376,False
2025-01-08 23:00:00,23,-7.604077889051617,False
2025-01-09 00:00:00,0,-8.649122042902375,False
2025-01-09 01:00:00,1,-11.078413628127716,True
2025-01-09 02:00:00,2,-8.366348166053188,True
2025-01-09 03:00:00,3,-7.645032930836219,False
2025-01-09 04:00:00,4,-5.432805766773209,False
2025-01-09 05:00:00,5,-2.1221984972775063,False
2025-01-09 06:00:00,6,0.9558165608429122,False
2025-01-09 07:00:00,7,2.797643207292584,False
2025-01-09 08:00:00,8,5.667627675524308,False
2025-01-09 09:00:00,9,6.925630522178163,False
2025-01-09 10:00:00,10,4.566270742250065,False
2025-01-09 11:00:00,11,13.387655250737485,False
2025-01-09 12:00:00,12,9.116758946534876,False
2025-01-09 13:00:00,13,9.540911219982773,False
2025-01-09 14:00:00,14,8.442543599257528,False
2025-01-09 15:00:00,15,6.360663065698601,False
2025-01-09 16:00:00,16,4.492085389408352,False
2025-01-09 17:00:00,17,4.653493655079119,True
2025-01-09 18:00:00,18,-2.7837354461760455,True
2025-01-09 19:00:00,19,-1.8475123386267684,True
2025-01-09 20:00:00,20,-4.993210159658158,True
2025-01-09 21:00:00,21,-7.917420022054452,False
2025-01-09 22:00:00,22,-8.977458733711947,False
2025-01-09 23:00:00,23,-11.7533466707254,False
2025-01-10 00:00:00,0,-12.858176477207454,False
2025-01-10 01:00:00,1,-8.834864422250465,False
2025-01-10 02:00:00,2,-9.700134126894033,False
2025-01-10 03:00:00,3,-4.627903272086404,False
2025-01-10 04:00:00,4,-1.6173786351180617,False
2025-01-10 05:00:00,5,-2.5756966786722577,False
2025-01-10 06:00:00,6,-2.643016542717299,False
2025-01-10 07:00:00,7,1.5801745635161986,False
2025-01-10 08:00:00,8,6.742589962978753,False
2025-01-10 09:00:00,9,4.784906381862424,False
2025-01-10 10:00:00,10,7.829290470205131,False
2025-01-10 11:00:00,11,8.852887832584665,False
2025-01-10 12:00:00,12,10.28404773712252,False
2025-01-10 13:00:00,13,5.5561943263945075,False
2025-01-10 14:00:00,14,11.805757608784258,False
2025-01-10 15:00:00,15,6.992928443793461,False
2025-01-10 16:00:00,16,1.2901466852482941,False
2025-01-10 17:00:00,17,3.4441934312093503,False
2025-01-10 18:00:00,18,0.7427682008907045,False
2025-01-10 19:00:00,19,-2.8174562467332485,True
2025-01-10 20:00:00,20,-3.030681417782512,False
2025-01-10 21:00:00,21,-7.64687728841357,False
2025-01-10 22:00:00,22,-9.091663814265042,False
2025-01-10 23:00:00,23,-7.647925809451401,False
2025-01-11 00:00:00,0,-8.188338796802748,False
2025-01-11 01:00:00,1,-10.036827246160733,False
2025-01-11 02:00:00,2,-9.489838286255797,False
2025-01-11 03:00:00,3,-3.6809950948774457,False
2025-01-11 04:00:00,4,-4.307683174449509,False
2025-01-11 05:00:00,5,-5.233269254372605,False
2025-01-11 06:00:00,6,-1.9835730473719884,False
2025-01-11 07:00:00,7,0.4970415748632071,False
2025-01-11 08:00:00,8,5.4486368725146,False
2025-01-11 09:00:00,9,4.705950072980341,False
2025-01-11 10:00:00,10,6.334514697838728,False
2025-01-11 11:00:00,11,6.87019416156217,False
2025-01-11 12:00:00,12,8.822546048957888,False
2025-01-11 13:00:00,13,9.788882796051762,False
2025-01-11 14:00:00,14,10.218962122707342,False
2025-01-11 15:00:00,15,8.653147111949455,False
2025-01-11 16:00:00,16,5.73348306035277,False
2025-01-11 17:00:00,17,1.381878873249618,False
2025-01-11 18:00:00,18,2.125327515107028,True
2025-01-11 19:00:00,19,-1.4123568574524927,True
2025-01-11 20:00:00,20,-7.847248417244142,False
2025-01-11 21:00:00,21,-5.168179855274978,False
2025-01-11 22:00:00,22,-9.577345153881312,False
2025-01-11 23:00:00,23,-7.433806548857694,False
2025-01-12 00:00:00,0,-10.620186812251042,False
2025-01-12 01:00:00,1,-8.811198623248247,False
2025-01-12 02:00:00,2,-7.172719339328389,False
2025-01-12 03:00:00,3,-6.430237435363896,False
2025-01-12 04:00:00,4,-3.268508463802802,False
2025-01-12 05:00:00,5,0.5065689046224433,False
2025-01-12 06:00:00,6,-0.3894728022455233,False
2025-01-12 07:00:00,7,4.75006587184878,False
2025-01-12 08:00:00,8,5.584174536982922,False
2025-01-12 09:00:00,9,5.822174562801134,False
2025-01-12 10:00:00,10,8.016679012234137,False
2025-01-12 11:00:00,11,6.159187313343586,False
2025-01-12 12:00:00,12,12.707097998850212,False
2025-01-12 13:00:00,13,9.510227451523049,False
2025-01-12 14:00:00,14,9.12339056474442,False
2025-01-12 15:00:00,15,8.384430904715387,False
2025-01-12 16:00:00,16,5.360098205441556,True
2025-01-12 17:00:00,17,3.4033360061784808,True
2025-01-12 18:00:00,18,0.00454484080542851,False
2025-01-12 19:00:00,19,-6.030820966466319,False
2025-01-12 20:00:00,20,-6.183201991082103,False
2025-01-12 21:00:00,21,-6.036464059955773,True
2025-01-12 22:00:00,22,-10.445455238773835,False
2025-01-12 23:00:00,23,-13.693167204650148,True
2025-01-13 00:00:00,0,-11.892751353588483,False
2025-01-13 01:00:00,1,-7.861444944004978,False
2025-01-13 02:00:00,2,-9.696124366138983,False
2025-01-13 03:00:00,3,-5.053200537578283,False
2025-01-13 04:00:00,4,-4.5113122919417465,False
2025-01-13 05:00:00,5,0.4870575384668956,False
2025-01-13 06:00:00,6,-1.6818559522773686,False
2025-01-13 07:00:00,7,2.3630263111355103,False
2025-01-13 08:00:00,8,5.156504658922039,False
2025-01-13 09:00:00,9,5.9472502878191005,False
2025-01-13 10:00:00,10,12.076352801884495,False
2025-01-13 11:00:00,11,6.363515560031347,False
2025-01-13 12:00:00,12,12.397972886046709,False
2025-01-13 13:00:00,13,15.273179759988833,False
2025-01-13 14:00:00,14,11.774558265713132,False
2025-01-13 15:00:00,15,3.952512758381726,False
2025-01-13 16:00:00,16,9.508168801137986,True
2025-01-13 17:00:00,17,1.577925086952923,False
2025-01-13 18:00:00,18,2.712704446133244,False
2025-01-13 19:00:00,19,-1.5620617924968991,False
2025-01-13 20:00:00,20,-4.596081707170613,True
2025-01-13 21:00:00,21,-6.390740438297928,False
2025-01-13 22:00:00,22,-6.952791260054119,True
2025-01-13 23:00:00,23,-9.508838072278888,False
2025-01-14 00:00:00,0,-12.039930696656192,True
2025-01-14 01:00:00,1,-8.433681909684244,False
2025-01-14 02:00:00,2,-11.903654696476556,False
2025-01-14 03:00:00,3,-8.177416665033212,False
2025-01-14 04:00:00,4,-5.86146445460145,False
2025-01-14 05:00:00,5,-1.3930653587847754,False
2025-01-14 06:00:00,6,2.4214558967415027,False
2025-01-14 07:00:00,7,-0.07104195564165305,False
2025-01-14 08:00:00,8,4.581913104224242,False
2025-01-14 09:00:00,9,6.860485754972361,False
2025-01-14 10:00:00,10,9.302284978069595,False
2025-01-14 11:00:00,11,8.405877067054215,False
2025-01-14 12:00:00,12,11.264996964279124,False
2025-01-14 13:00:00,13,11.390505694951162,False
2025-01-14 14:00:00,14,7.958781706874353,False
2025-01-14 15:00:00,15,7.756384625315588,False
2025-01-14 16:00:00,16,6.093707121693965,False
2025-01-14 17:00:00,17,2.323102915338413,False
2025-01-14 18:00:00,18,1.9842050897182355,False
2025-01-14 19:00:00,19,-2.199073813229254,False
2025-01-14 20:00:00,20,-4.178597897727389,False
2025-01-14 21:00:00,21,-5.518022673250325,False
2025-01-14 22:00:00,22,-9.325875013267437,False
2025-01-14 23:00:00,23,-7.858618324254137,False
2025-01-15 00:00:00,0,-10.224066744875508,False
2025-01-15 01:00:00,1,-9.47976487132339,False
2025-01-15 02:00:00,2,-9.85978173609076,False
2025-01-15 03:00:00,3,-10.23884613905256,False
2025-01-15 04:00:00,4,-3.8359022525757105,False
2025-01-15 05:00:00,5,-2.0287468775745543,False
2025-01-15 06:00:00,6,-0.5659646921668348,False
2025-01-15 07:00:00,7,2.1894007815998933,False
2025-01-15 08:00:00,8,7.033020382167518,False
2025-01-15 09:00:00,9,5.52140574093855,False
2025-01-15 10:00:00,10,8.9846140600376,False
2025-01-15 11:00:00,11,11.171892394451882,False
2025-01-15 12:00:00,12,11.107559118096884,False
2025-01-15 13:00:00,13,10.730751259225617,False
2025-01-15 14:00:00,14,8.819685934603973,False
2025-01-15 15:00:00,15,6.292042548023996,False
2025-01-15 16:00:00,16,5.983626293276258,False
2025-01-15 17:00:00,17,-1.2812694401960831,False
2025-01-15 18:00:00,18,0.6224426523381315,False
2025-01-15 19:00:00,19,-5.054172243117558,False
2025-01-15 20:00:00,20,-8.294327495323456,True
2025-01-15 21:00:00,21,-8.486438249626516,False
2025-01-15 22:00:00,22,-5.954063447712069,False
2025-01-15 23:00:00,23,-7.234475125754463,False
2025-01-16 00:00:00,0,-10.111912742475045,False
2025-01-16 01:00:00,1,-14.32622368258583,False
2025-01-16 02:00:00,2,-9.690243041499595,False
2025-01-16 03:00:00,3,-6.905338532967964,False
2025-01-16 04:00:00,4,-1.332234564961996,False
2025-01-16 05:00:00,5,-0.9934504620267406,False
2025-01-16 06:00:00,6,-0.6607050590993722,False
2025-01-16 07:00:00,7,4.634253676627729,False
2025-01-16 08:00:00,8,6.646520189803974,False
2025-01-16 09:00:00,9,6.8523562930541235,False
2025-01-16 10:00:00,10,10.73840269020864,False
2025-01-16 11:00:00,11,9.992391384313027,False
2025-01-16 12:00:00,12,5.685723969169181,False
2025-01-16 13:00:00,13,7.7328422614960575,False
2025-01-16 14:00:00,14,6.063377975411742,False
2025-01-16 15:00:00,15,3.029813627430059,True
2025-01-16 16:00:00,16,6.479547347138534,False
2025-01-16 17:00:00,17,0.6628170743951389,False
2025-01-16 18:00:00,18,-0.49135125953562975,False
2025-01-16 19:00:00,19,-3.7083158673266334,False
2025-01-16 20:00:00,20,-4.984482707634747,False
2025-01-16 21:00:00,21,-7.464852627787245,False
2025-01-16 22:00:00,22,-9.477306255311765,False
2025-01-16 23:00:00,23,-11.181677177033267,False
2025-01-17 00:00:00,0,-7.340949641928443,False
2025-01-17 01:00:00,1,-10.77276534578755,False
2025-01-17 02:00:00,2,-7.378809586986908,True
2025-01-17 03:00:00,3,-5.983941888711785,False
2025-01-17 04:00:00,4,-6.37204657164467,False
2025-01-17 05:00:00,5,-2.684096922646771,False
2025-01-17 06:00:00,6,-0.4234553947370632,False
2025-01-17 07:00:00,7,1.7371054057433628,False
2025-01-17 08:00:00,8,4.490370613671361,False
2025-01-17 09:00:00,9,7.289356306729192,False
2025-01-17 10:00:00,10,12.330182106913108,False
2025-01-17 11:00:00,11,10.500200795137507,False
2025-01-17 12:00:00,12,9.927181750773823,False
2025-01-17 13:00:00,13,7.335289489049941,False
2025-01-17 14:00:00,14,7.905915059992602,False
2025-01-17 15:00:00,15,7.510844136526205,False
2025-01-17 16:00:00,16,4.644378780462387,False
2025-01-17 17:00:00,17,-1.0400568129082863,True
2025-01-17 18:00:00,18,2.1427011454428113,True
2025-01-17 19:00:00,19,-4.2277682677607125,False
2025-01-17 20:00:00,20,-8.006404392936664,True
2025-01-17 21:00:00,21,-5.67261889572928,False
2025-01-17 22:00:00,22,-8.013245417678608,False
2025-01-17 23:00:00,23,-11.115889100685987,False
2025-01-18 00:00:00,0,-8.475646021450729,True
2025-01-18 01:00:00,1,-8.199237816897284,False
2025-01-18 02:00:00,2,-7.08474234847516,False
2025-01-18 03:00:00,3,-9.404634455661629,False
2025-01-18 04:00:00,4,-7.435456047048838,False
2025-01-18 05:00:00,5,-1.1517802558243537,False
2025-01-18 06:00:00,6,-0.11196381919970383,False
2025-01-18 07:00:00,7,3.1336095613641004,False
2025-01-18 08:00:00,8,10.357481960011981,False
2025-01-18 09:00:00,9,6.871096510365282,False
2025-01-18 10:00:00,10,9.627170242317463,False
2025-01-18 11:00:00,11,13.76215555191015,False
2025-01-18 12:00:00,12,10.651747141527547,False
2025-01-18 13:00:00,13,7.023461699917424,False
2025-01-18 14:00:00,14,7.605972281592517,False
2025-01-18 15:00:00,15,8.58581605663386,False
2025-01-18 16:00:00,16,3.6020241029176847,False
2025-01-18 17:00:00,17,5.58176219092794,True
2025-01-18 18:00:00,18,0.5708492531071866,False
2025-01-18 19:00:00,19,2.8872454164344226,False
2025-01-18 20:00:00,20,-5.564375237476977,False
2025-01-18 21:00:00,21,-4.382547826312937,True
2025-01-18 22:00:00,22,-7.46450577363507,False
2025-01-18 23:00:00,23,-6.6742180895716094,True
2025-01-19 00:00:00,0,-13.43529735168193,False
2025-01-19 01:00:00,1,-5.604895904012936,False
2025-01-19 02:00:00,2,-10.144263050173114,False
2025-01-19 03:00:00,3,-4.595614388240504,False
2025-01-19 04:00:00,4,-4.138986027677809,False
2025-01-19 05:00:00,5,-3.079270932426687,False
2025-01-19 06:00:00,6,0.3228821510254429,False
2025-01-19 07:00:00,7,1.7807577955306357,False
2025-01-19 08:00:00,8,7.313997557398935,False
2025-01-19 09:00:00,9,8.928305911842063,False
2025-01-19 10:00:00,10,9.94133606616669,False
2025-01-19 11:00:00,11,9.297820180122578,False
2025-01-19 12:00:00,12,8.684261891914321,False
2025-01-19 13:00:00,13,8.632538066350188,False
2025-01-19 14:00:00,14,7.884713109181409,False
2025-01-19 15:00:00,15,6.170894812853285,False
2025-01-19 16:00:00,16,6.5455556457515485,False
2025-01-19 17:00:00,17,-0.0421711373507101,True
2025-01-19 18:00:00,18,-2.2491502668175705,False
2025-01-19 19:00:00,19,-0.7322843170446176,False
2025-01-19 20:00:00,20,-2.983795305457215,True
2025-01-19 21:00:00,21,-5.939550860487596,False
2025-01-19 22:00:00,22,-10.07896848444249,True
2025-01-19 23:00:00,23,-12.925569368133619,True
2025-01-20 00:00:00,0,-9.893521650216288,False
2025-01-20 01:00:00,1,-11.487311558898167,False
2025-01-20 02:00:00,2,-9.667071659327778,True
2025-01-20 03:00:00,3,-9.273444418632852,False
2025-01-20 04:00:00,4,-5.240793863589504,False
2025-01-20 05:00:00,5,-2.06846012130016,False
2025-01-20 06:00:00,6,0.924975779187884,False
2025-01-20 07:00:00,7,4.690813789597741,False
2025-01-20 08:00:00,8,4.52376751229129,False
2025-01-20 09:00:00,9,5.920345292955853,False
2025-01-20 10:00:00,10,9.155427031030008,False
2025-01-20 11:00:00,11,11.024091153331854,False
2025-01-20 12:00:00,12,12.306860077735436,False
2025-01-20 13:00:00,13,10.212081661544891,False
2025-01-20 14:00:00,14,9.58488461323593,False
2025-01-20 15:00:00,15,9.349894767185143,False
2025-01-20 16:00:00,16,4.318812234209461,False
2025-01-20 17:00:00,17,3.944787633438138,False
2025-01-20 18:00:00,18,0.8736829656252225,False
2025-01-20 19:00:00,19,-3.9116289134759517,False
2025-01-20 20:00:00,20,-4.535139205269778,False
2025-01-20 21:00:00,21,-4.801920824217331,True
2025-01-20 22:00:00,22,-10.630622553841103,False
2025-01-20 23:00:00,23,-12.117548617543827,False
2025-01-21 00:00:00,0,-7.691471066694034,False
2025-01-21 01:00:00,1,-7.907676807564499,True
2025-01-21 02:00:00,2,-7.97398443720931,False
2025-01-21 03:00:00,3,-6.302169384920946,False
2025-01-21 04:00:00,4,-8.147233139369357,True
2025-01-21 05:00:00,5,-2.326454583928901,False
2025-01-21 06:00:00,6,-1.5080345758690696,False
2025-01-21 07:00:00,7,2.829563758869954,False
2025-01-21 08:00:00,8,7.543485003582531,False
2025-01-21 09:00:00,9,7.687253704137253,False
2025-01-21 10:00:00,10,7.42567653571625,False
2025-01-21 11:00:00,11,10.469234031422028,False
2025-01-21 12:00:00,12,10.421119812065124,False
2025-01-21 13:00:00,13,11.904503316203328,False
2025-01-21 14:00:00,14,8.227867032312858,False
2025-01-21 15:00:00,15,5.538270421844812,False
2025-01-21 16:00:00,16,7.730347625266408,True
2025-01-21 17:00:00,17,3.322268801926967,False
2025-01-21 18:00:00,18,1.3104495779185943,False
2025-01-21 19:00:00,19,-5.805710997016375,False
2025-01-21 20:00:00,20,-5.521791815605971,True
2025-01-21 21:00:00,21,-11.060894006206961,False
2025-01-21 22:00:00,22,-4.8814071965125745,False
2025-01-21 23:00:00,23,-7.545613578113852,True
2025-01-22 00:00:00,0,-11.978231962512147,False
2025-01-22 01:00:00,1,-12.367753911175908,False
2025-01-22 02:00:00,2,-7.134315766194055,False
2025-01-22 03:00:00,3,-5.819043609975397,False
2025-01-22 04:00:00,4,-3.184285054239897,False
2025-01-22 05:00:00,5,-1.757964307856881,False
2025-01-22 06:00:00,6,-2.0589398295765227,False
2025-01-22 07:00:00,7,0.2505342676894977,False
2025-01-22 08:00:00,8,6.995490230669209,False
2025-01-22 09:00:00,9,10.092289041885934,False
2025-01-22 10:00:00,10,8.768983621477759,False
2025-01-22 11:00:00,11,7.16929455370806,False
2025-01-22 12:00:00,12,8.9625169632181,False
2025-01-22 13:00:00,13,9.794558976343987,False
2025-01-22 14:00:00,14,8.33731788621093,False
2025-01-22 15:00:00,15,7.098817981443896,False
2025-01-22 16:00:00,16,5.9842902467274515,False
2025-01-22 17:00:00,17,0.9387734257428431,True
2025-01-22 18:00:00,18,1.6188212808627533,False
2025-01-22 19:00:00,19,-0.1872895266550083,False
2025-01-22 20:00:00,20,-7.1790042562467296,False
2025-01-22 21:00:00,21,-7.304587717742039,False
2025-01-22 22:00:00,22,-5.454474015459379,False
2025-01-22 23:00:00,23,-6.918307963032824,True
2025-01-23 00:00:00,0,-7.686475576607444,True
2025-01-23 01:00:00,1,-11.785938093540338,False
2025-01-23 02:00:00,2,-8.382254728954543,False
2025-01-23 03:00:00,3,-8.389468074204094,False
2025-01-23 04:00:00,4,-2.753493970782431,False
2025-01-23 05:00:00,5,-2.6737897457995308,False
2025-01-23 06:00:00,6,0.645654616129895,False
2025-01-23 07:00:00,7,-1.9400933015165078,False
2025-01-23 08:00:00,8,5.421214521055623,False
2025-01-23 09:00:00,9,5.8272976922639455,False
2025-01-23 10:00:00,10,9.222603447719516,False
2025-01-23 11:00:00,11,8.899552795175175,False
2025-01-23 12:00:00,12,8.934517515844876,False
2025-01-23 13:00:00,13,10.106692469717412,False
2025-01-23 14:00:00,14,5.8456960188946345,False
2025-01-23 15:00:00,15,5.1337695974888415,False
2025-01-23 16:00:00,16,5.987910078528171,False
2025-01-23 17:00:00,17,1.8529855012703114,False
2025-01-23 18:00:00,18,2.9238359073912625,False
2025-01-23 19:00:00,19,-6.140084909328445,False
2025-01-23 20:00:00,20,2.3652105563444676,False
2025-01-23 21:00:00,21,-6.331873733747178,False
2025-01-23 22:00:00,22,-8.157651880729738,False
2025-01-23 23:00:00,23,-4.225452046699738,False
2025-01-24 00:00:00,0,-8.927786014110824,False
2025-01-24 01:00:00,1,-10.691416028970805,False
2025-01-24 02:00:00,2,-10.405667322683396,False
2025-01-24 03:00:00,3,-9.617410385902978,False
2025-01-24 04:00:00,4,-4.063833045539777,False
2025-01-24 05:00:00,5,-3.1782837742266516,False
2025-01-24 06:00:00,6,3.6370702751165034,False
2025-01-24 07:00:00,7,0.27443019422797565,False
2025-01-24 08:00:00,8,5.48970492127119,False
2025-01-24 09:00:00,9,5.019809259269792,False
2025-01-24 10:00:00,10,12.237474212144015,False
2025-01-24 11:00:00,11,8.53378907946515,False
2025-01-24 12:00:00,12,7.848475577942831,False
2025-01-24 13:00:00,13,9.331931146500361,False
2025-01-24 14:00:00,14,7.617880155628311,False
2025-01-24 15:00:00,15,10.18574252413152,False
2025-01-24 16:00:00,16,5.763897713253365,False
2025-01-24 17:00:00,17,3.62036299511164,True
2025-01-24 18:00:00,18,1.2697725868391014,False
2025-01-24 19:00:00,19,-4.110900081877812,True
2025-01-24 20:00:00,20,-4.111176201039995,True
2025-01-24 21:00:00,21,-8.01136466200475,False
2025-01-24 22:00:00,22,-7.5308328404196825,False
2025-01-24 23:00:00,23,-8.443857654906118,False
2025-01-25 00:00:00,0,-7.4061586407916735,True
2025-01-25 01:00:00,1,-12.136728667197454,False
2025-01-25 02:00:00,2,-10.578665229512344,False
2025-01-25 03:00:00,3,-5.090655081225645,False
2025-01-25 04:00:00,4,-4.542890259298017,False
2025-01-25 05:00:00,5,2.2012181227651304,False
2025-01-25 06:00:00,6,-3.2262079877567094,False
2025-01-25 07:00:00,7,3.2687404781470644,False
2025-01-25 08:00:00,8,6.1171666632488,False
2025-01-25 09:00:00,9,8.915955631323385,False
2025-01-25 10:00:00,10,12.646725589237587,False
2025-01-25 11:00:00,11,8.460872273141756,False
2025-01-25 12:00:00,12,10.196003338490442,False
2025-01-25 13:00:00,13,10.98049438079533,False
2025-01-25 14:00:00,14,10.026477888081923,False
2025-01-25 15:00:00,15,9.78801541321479,True
2025-01-25 16:00:00,16,6.287527429482085,False
2025-01-25 17:00:00,17,0.8521277556296196,False
2025-01-25 18:00:00,18,-3.9673419966116157,False
2025-01-25 19:00:00,19,-2.3618070396017887,False
2025-01-25 20:00:00,20,-5.780792538119094,False
2025-01-25 21:00:00,21,-9.672074157429973,False
2025-01-25 22:00:00,22,-10.704320735436035,True
2025-01-25 23:00:00,23,-11.339116333542925,False
2025-01-26 00:00:00,0,-7.54636067878414,False
2025-01-26 01:00:00,1,-8.626183683910021,False
2025-01-26 02:00:00,2,-9.724655680570574,True
2025-01-26 03:00:00,3,-5.207249807179966,False
2025-01-26 04:00:00,4,-3.403753092200793,False
2025-01-26 05:00:00,5,-3.6360296170507116,False
2025-01-26 06:00:00,6,1.4989426861324608,False
2025-01-26 07:00:00,7,4.713318812764825,False
2025-01-26 08:00:00,8,3.4957205355318166,False
2025-01-26 09:00:00,9,4.676602158351965,False
2025-01-26 10:00:00,10,11.598838140349192,False
2025-01-26 11:00:00,11,10.801034979289948,False
2025-01-26 12:00:00,12,6.777948418545561,False
2025-01-26 13:00:00,13,11.44486911686531,False
2025-01-26 14:00:00,14,11.512297169218026,False
2025-01-26 15:00:00,15,6.051011887222043,False
2025-01-26 16:00:00,16,3.6665524533492184,False
2025-01-26 17:00:00,17,5.812480449731946,False
2025-01-26 18:00:00,18,0.3989639400358775,False
2025-01-26 19:00:00,19,-0.6016319039276352,False
2025-01-26 20:00:00,20,-4.769262753345835,False
2025-01-26 21:00:00,21,-2.8832380211458664,True
2025-01-26 22:00:00,22,-5.721282404100779,False
2025-01-26 23:00:00,23,-10.175566108446363,True
2025-01-27 00:00:00,0,-7.9559738394530575,False
2025-01-27 01:00:00,1,-6.946156153364482,False
2025-01-27 02:00:00,2,-7.195233085129261,False
2025-01-27 03:00:00,3,-5.154038250194433,True
2025-01-27 04:00:00,4,-8.847399150262278,False
2025-01-27 05:00:00,5,-4.947426736301427,True
2025-01-27 06:00:00,6,1.6503070725835318,False
2025-01-27 07:00:00,7,5.239911690127503,False
2025-01-27 08:00:00,8,3.6403164854935604,False
2025-01-27 09:00:00,9,6.043793072728327,False
2025-01-27 10:00:00,10,8.05848619527774,False
2025-01-27 11:00:00,11,9.402875512897499,False
2025-01-27 12:00:00,12,8.870198780172437,False
2025-01-27 13:00:00,13,14.096240687986114,False
2025-01-27 14:00:00,14,9.19854799682648,False
2025-01-27 15:00:00,15,2.875744542101935,True
2025-01-27 16:00:00,16,5.369215968955606,False
2025-01-27 17:00:00,17,3.580359212430773,True
2025-01-27 18:00:00,18,2.2873117138226133,True
2025-01-27 19:00:00,19,-1.9154834833142793,False
2025-01-27 20:00:00,20,-7.471703210010202,True
2025-01-27 21:00:00,21,-4.462040379081157,True
2025-01-27 22:00:00,22,-11.313529853957863,False
2025-01-27 23:00:00,23,-6.663816863131748,False
2025-01-28 00:00:00,0,-11.76081393854676,False
2025-01-28 01:00:00,1,-6.604041933359857,False
2025-01-28 02:00:00,2,-6.1941552630129975,True
2025-01-28 03:00:00,3,-9.60555043703122,False
2025-01-28 04:00:00,4,-0.19091452128033737,False
2025-01-28 05:00:00,5,-3.8650807623258974,False
2025-01-28 06:00:00,6,3.66430134955172,False
2025-01-28 07:00:00,7,-0.388149501327097,False
2025-01-28 08:00:00,8,8.360989186047277,False
2025-01-28 09:00:00,9,7.913109695943547,False
2025-01-28 10:00:00,10,9.927427612357683,False
2025-01-28 11:00:00,11,12.503477804058573,False
2025-01-28 12:00:00,12,10.566839078322937,False
2025-01-28 13:00:00,13,11.679420196936842,False
2025-01-28 14:00:00,14,6.156229019043723,False
2025-01-28 15:00:00,15,7.470018315058469,False
2025-01-28 16:00:00,16,7.510463771646647,False
2025-01-28 17:00:00,17,4.291018231325058,False
2025-01-28 18:00:00,18,-0.7361917763059824,False
2025-01-28 19:00:00,19,-5.724219088827995,False
2025-01-28 20:00:00,20,-2.339172085091865,True
2025-01-28 21:00:00,21,-6.56426749201001,False
2025-01-28 22:00:00,22,-9.409444142824647,False
2025-01-28 23:00:00,23,-10.525666461869625,False
2025-01-29 00:00:00,0,-8.041067421005074,False
2025-01-29 01:00:00,1,-11.554158472356749,False
2025-01-29 02:00:00,2,-5.611903698328469,False
2025-01-29 03:00:00,3,-6.54643513615332,True
2025-01-29 04:00:00,4,-3.436189830601859,True
2025-01-29 05:00:00,5,1.043039912972683,False
2025-01-29 06:00:00,6,3.963364169506607,False
2025-01-29 07:00:00,7,1.8835906336431065,False
2025-01-29 08:00:00,8,6.833844232911858,False
2025-01-29 09:00:00,9,6.109613967360182,False
2025-01-29 10:00:00,10,10.36210300151202,False
2025-01-29 11:00:00,11,9.035715553405117,False
2025-01-29 12:00:00,12,14.70718987677028,False
2025-01-29 13:00:00,13,10.752824134157123,False
2025-01-29 14:00:00,14,9.01937245152916,False
2025-01-29 15:00:00,15,7.714303590567797,False
2025-01-29 16:00:00,16,7.7119106471371435,False
2025-01-29 17:00:00,17,5.777904046196523,False
2025-01-29 18:00:00,18,-0.16792965491872502,False
2025-01-29 19:00:00,19,-0.2773600866621808,False
2025-01-29 20:00:00,20,-2.25023596850145,False
2025-01-29 21:00:00,21,-6.2055963062211665,True
2025-01-29 22:00:00,22,-7.214851394170897,False
2025-01-29 23:00:00,23,-15.125993417759883,False
2025-01-30 00:00:00,0,-7.819548957623345,False
2025-01-30 01:00:00,1,-8.302324175017468,False
2025-01-30 02:00:00,2,-5.896061484733864,True
2025-01-30 03:00:00,3,-5.8605049653722014,False
2025-01-30 04:00:00,4,-2.8953943194171106,False
2025-01-30 05:00:00,5,-3.7177270272569576,False
2025-01-30 06:00:00,6,3.842532525588127,False
2025-01-30 07:00:00,7,4.084957255310098,False
2025-01-30 08:00:00,8,4.675084257179302,False
2025-01-30 09:00:00,9,6.112188721353214,False
2025-01-30 10:00:00,10,12.557422394532917,False
2025-01-30 11:00:00,11,9.300016744828955,False
2025-01-30 12:00:00,12,16.18919640241443,False
2025-01-30 13:00:00,13,10.360191996013615,False
2025-01-30 14:00:00,14,10.110532927747302,False
2025-01-30 15:00:00,15,8.973594449094023,False
2025-01-30 16:00:00,16,3.0056707548314003,False
2025-01-30 17:00:00,17,8.006747786192541,False
2025-01-30 18:00:00,18,-1.2719317390300082,False
2025-01-30 19:00:00,19,-1.8794916700972255,False
2025-01-30 20:00:00,20,-3.4730080482380314,False
2025-01-30 21:00:00,21,-2.2594691584893294,False
2025-01-30 22:00:00,22,-8.73418537216089,False
2025-01-30 23:00:00,23,-9.151256490967368,False
2025-01-31 00:00:00,0,-8.85329170590607,False
